number,content,close_notes_ref,category,subcategory,contact_type,info_score
TASK0034705,We require additional licenses for LMSLite in the accounting department due to team expansion. I have reviewed our current license status and the needs of the department. Kindly forward this to the Licensing Team.,The request for additional LMSLite licenses for the accounting department was successfully processed. Steps taken: 1. Verified the current license status and confirmed the need for additional licenses. 2. Forwarded the request to the Licensing Team. 3. Licensing Team processed the request and allocated the required number of licenses. 4. Informed the accounting department of the successful allocation and provided necessary documentation.,SOFTWARE,ACCESS,Chat,0.8
INC009427,"Customer has an issue with Palo Alto Prisma Cloud and is receiving the following error message:
['Error: ', 'Issue: ', '', '\t', '  ', '- ']""SocketException: Connection reset""

I cleared cookies and cache and restarted the browser
Issue still persists
Escalated to ANALYST TEAM","The customer reported a SocketException: Connection reset error while using Palo Alto Prisma Cloud. 
Cleared cookies and cache in the browser as an initial troubleshooting step. 
Restarted the browser to see if the issue persisted, but the error continued to occur. 
The issue was escalated to the Analyst Team for further investigation. 
The Analyst Team conducted a deeper analysis and identified a potential configuration issue on the server side. 
They implemented the necessary adjustments to the server settings. 
After the changes were made, the customer was able to access Palo Alto Prisma Cloud without encountering the SocketException error. 
The customer confirmed that the issue has been resolved and expressed satisfaction with the support received. 
Ticket closed as the issue has been successfully addressed.",SOFTWARE,ERROR,Phone,0.8
INC008426,"I'm having trouble with Workday. Every time I try to access it, I keep getting an error message that says, 'Error 0x800B0109: A certificate chain processed but terminated in a root certificate which is not trusted.' I've tried clearing my cookies and cache and even restarted my browser, but the issue still persists.","Investigated the reported issue with Workday access and noted the error message: 'Error 0x800B0109: A certificate chain processed but terminated in a root certificate which is not trusted.' 
Checked the browser settings and confirmed that cookies and cache had been cleared as per the customer's attempts. 
Reviewed the certificate settings on the system and identified that the root certificate required for Workday was not trusted. 
Guided the customer through the process of installing the necessary root certificate to establish a trusted connection. 
After the installation, tested access to Workday and confirmed that the error no longer appeared. 
The customer is now able to access Workday without issues. 
Ticket closed as the issue has been resolved and the customer has confirmed satisfaction with the solution.",SOFTWARE,ERROR,Email,0.9
INC005943,"I'm having trouble with my Aruba Networks AirWave software. Every time I try to use it, I keep getting this error message that says 'Error: Uncaught TypeError: Cannot read properties of null (reading 'getAttribute')'. I tried reinstalling the application to fix it, but the problem is still there. Can you help me sort this out?","Investigated the error message 'Error: Uncaught TypeError: Cannot read properties of null (reading 'getAttribute')' encountered in the Aruba Networks AirWave software. 
Checked the software version and confirmed it was up to date. 
Reviewed the application settings and configurations for any discrepancies that could cause the error. 
Found that the issue was related to a specific browser compatibility problem with the AirWave interface. 
Recommended switching to a different browser to access the AirWave software. 
Instructed the customer on clearing the browser cache and cookies before attempting to log in again. 
After these steps, the customer was able to successfully access the AirWave software without encountering the error. 
The issue has been resolved, and the customer expressed satisfaction with the solution. 
Ticket closed.",SOFTWARE,ERROR,Phone,0.9
INC005629,"I'm currently having trouble accessing Microsoft Defender for Endpoint on my system. Every time I try to log in, I encounter an error message that states 'java.security.cert.CertificateException: No subject alternative DNS name matching 'api.example.com' found.' I've already attempted restarting both the application and my computer, but the problem still isn't resolved. Can you help me fix this?","Investigated the issue with Microsoft Defender for Endpoint access. 
Noted the error message: 'java.security.cert.CertificateException: No subject alternative DNS name matching 'api.example.com' found.' 
Checked the system's network settings and confirmed that the DNS configuration was correct. 
Reviewed the application version and ensured it was up to date. 
Suggested clearing the Java cache and reattempting the login, but the issue persisted. 
Advised the customer to check for any firewall settings that might be blocking the connection to the API. 
After further troubleshooting, identified that the issue was related to an outdated SSL certificate on the server side. 
Coordinated with the network team to update the SSL certificate for 'api.example.com.' 
Once the certificate was updated, the customer was able to log in successfully without any error messages. 
The customer confirmed that they can now access Microsoft Defender for Endpoint without issues. 
Ticket closed as the problem has been resolved and the customer is satisfied.",SOFTWARE,ERROR,Email,0.9
TASK0047902,"Can you please help us get more EAMS licenses for our marketing department? We're expanding our campaign efforts and need additional licenses. I did check our current ones, but it looks like we're short for the new needs. Thanks!",Reviewed the current number of EAMS licenses and assessed specific needs of the marketing department. Updated license procurement request form and processed order for additional licenses. Coordinated with the Licensing Team to ensure the new licenses are allocated to the marketing department. Verified successful increase in available licenses and informed the marketing team.,SOFTWARE,ACCESS,Email,0.8
INC003098,"Customer has an issue with Microsoft Defender for Endpoint and is receiving the following error message:
['Error: ', 'Issue: ', '', '\t', '  ', '- ']""System.OutOfMemoryException""

I tried to restart the application and computer but the issue persists
Escalated to UIRI SUPPORT GROUP","The customer reported an issue with Microsoft Defender for Endpoint, specifically encountering a ""System.OutOfMemoryException"" error message. 
Initially, I attempted to resolve the issue by restarting both the application and the computer, but the problem persisted. 
Due to the ongoing issue, I escalated the ticket to the UIRI Support Group for further investigation. 
The support team was able to analyze the situation and provided recommendations for optimizing memory usage within the application settings. 
I communicated these recommendations to the customer and guided them through the necessary adjustments. 
After implementing the suggested changes, the customer confirmed that the error no longer appeared and Microsoft Defender for Endpoint was functioning correctly. 
The customer expressed satisfaction with the resolution and confirmed they would monitor the application for any further issues. 
Ticket closed as the issue has been resolved successfully.",SOFTWARE,ERROR,Chat,0.8
INC0094662,"I've been working with a client facing challenges with their Splunk Core not consistently syncing with Splunk SOAR, resulting in missed automated triggers for some security alerts. After reviewing their system settings, everything appears intact, so we're diving deeper into connectivity logs and network performance to identify any anomalies. It's crucial to rectify this swiftly to maintain their operational efficiency.","Analyzed the client's Splunk Core and SOAR integration to identify sync inconsistencies. 
Reviewed system settings and confirmed they were correctly configured for data synchronization. 
Investigated connectivity logs and network performance metrics to pinpoint any anomalies affecting the sync process. 
Found intermittent network latency that could be contributing to the missed automated triggers for security alerts. 
Recommended adjustments to network configurations to improve stability and reduce latency. 
Provided the client with best practices for monitoring their Splunk environment to ensure ongoing sync reliability. 
The client is now aware of the necessary steps to maintain operational efficiency and prevent future issues. 
Ticket closed as the client is satisfied with the resolution and guidance provided.",SOFTWARE,ERROR,Email,0.9
INC0048696,"Every time I try to save anything in WebWise, the program unexpectedly quits on me. Could someone from the Software Maintenance Team please look into this issue?","Issue caused by WebWise application unexpectedly quitting during save operations. Initial troubleshooting steps included checking system logs for error codes. Discovered the error code 0x80070005 indicating a permissions issue. Adjusted user permissions for the application. Tested saving functionality, and it worked successfully without crashes. Followed up with the user, and the issue has been resolved.",SOFTWARE,ERROR,Email,0.8
INC0047192,The customer reports that Google Workspace crashes each time they attempt to save files. They have checked the log files but found no error codes. The issue has been referred to our Software Maintenance Team for further investigation and resolution.,"Issue observed with Google Workspace crashing whenever files are saved. Investigation started by checking the user's internet connectivity to ensure stable and sufficient bandwidth. Bandwidth and connectivity were found adequate. Next, I cleared the browser cache and cookies to remove any corrupted temporary files. Google Workspace was then tested in an Incognito mode to rule out any extensions or additional browser settings causing the problem. When the issue persisted, I updated the user's browser to the latest version and ensured that all Google Workspace apps were also updated. Finally, I disabled any unnecessary browser extensions and performed a system reboot. After the reboot, Google Workspace operated normally without crashing upon saving files. User confirmed resolution and normal functionality.",SOFTWARE,MALFUNCTION,Self-service,0.9
INC0046564,"Every time I try to save my work in Terraform, the application crashes. I've looked into the log files but couldn't find a clear reason for these crashes. Could you please investigate this further?","Initial troubleshooting steps conducted: 1. Analyzed log files for common errors. Found repeated instances of 'crash on save' error in logs. 2. Verified Terraform installation and version compatibility with the user's system setup. 3. Checked for any recent changes or updates to software or system that might affect Terraform. 4. Ensured sufficient system resources (CPU, memory) for Terraform operations. Resolution: Updated Terraform to the latest stable version, which included fixes for the 'crash on save' issue. The user confirmed that the issue has been resolved following the update.",SOFTWARE,ERROR,Email,0.9
INC0039668,"Good day, I've recently integrated Bitbucket with CircleCI to automate our build process. Initially, it worked fine, but now I'm unable to authenticate. I've tried re-entering my account details and even reauthorized the applications, but no luck. Is this a known issue, or am I overlooking something?","Investigated the authentication issue between CircleCI and Bitbucket.  
Checked the integration settings and confirmed that the account details were entered correctly.  
Reauthorized the Bitbucket application within CircleCI to ensure permissions were up to date.  
Reviewed the CircleCI and Bitbucket documentation for any recent changes or known issues regarding authentication.  
Found that there was a temporary outage reported on Bitbucket's end that may have affected the authentication process.  
Informed the customer about the outage and suggested trying the authentication again after some time.  
The customer attempted to authenticate later and confirmed that the issue was resolved.  
Provided recommendations for monitoring the status of integrations in the future to avoid similar issues.  
Ticket closed as the customer is satisfied with the resolution.",SOFTWARE,ERROR,Email,0.8
TASK0039877,"I am a part of the design team and I am requesting that Microsoft SharePoint 4.1 be installed on our systems at the earliest convenience. We believe this software will greatly enhance our creative capabilities. We have already checked the system and software requirements, and it seems to be compatible. Please let us know when this request can be processed by IT Services Department.","The request for Microsoft SharePoint 4.1 installation for the design team has been completed successfully. First, I verified the system requirements and confirmed that all the design team systems met the necessary specifications for SharePoint 4.1. After this, I downloaded the installation package from the official Microsoft website. The software was installed on each system, followed by a reboot to ensure proper installation. Post-installation, I configured the software according to the design team's requirements and ran a functionality check to make sure everything was working as expected. Finally, I provided a brief training session to the design team on the new features and capabilities of SharePoint 4.1. The team confirmed that the software was installed and working satisfactorily.",SOFTWARE,INSTALLATION,Email,0.9
INC0043056,I'm experiencing an issue with QuantumDB where it unexpectedly quits every time I try to save anything. This is really disrupting my workflow. Could you please look into this as soon as possible?,Issue resolved. The following steps were performed: 1) Checked system logs and identified error code related to the crash. 2) Verified that the QuantumDB application was up-to-date. Application was running an older version. 3) Updated QuantumDB to the latest version. 4) Cleared application cache and temporary files. 5) Tested saving functionality; confirmed that QuantumDB no longer crashes and successfully saves data. User also confirmed problem is resolved.,SOFTWARE,ERROR,Self-service,0.9
INC0041658,"I've been experiencing issues with NPDash lagging, particularly when performing intensive data analysis operations. Initial diagnostics have shown this isn't a hardware problem. It's now being looked into by the Performance Optimization Team.",Performed initial diagnostics to eliminate hardware-related issues. Confirmed that all hardware components are functioning correctly and there are no faults. Cleared temporary cache files to ensure system is not overloaded. Detected no network latency issues. Reconfigured data analysis settings for optimal performance. Updated software to the latest version to ensure all patches and performance improvements are applied. Monitored NPDash performance during intensive data analysis to confirm improvements. Issue resolved with performance optimizations applied successfully.,SOFTWARE,ERROR,Phone,0.8
INC002467,"Hi, I was using Workday and when I clicked the checkbox to remember my password, I received an error message that said 'Kernel mode heap corruption'. Could you please help me resolve this issue?","Remoted in to the user's machine to investigate the error message related to Workday. 
Reviewed system logs and identified that the 'Kernel mode heap corruption' error was linked to a known issue with the current version of the application. 
Checked for any available updates for Workday and confirmed that the user was running an outdated version. 
Guided the user through the process of updating Workday to the latest version, which included downloading the update and following the installation prompts. 
After the update was completed, tested the application to ensure the error no longer appeared when attempting to use the password remember feature. 
Confirmed that the user was able to successfully use Workday without encountering the previous error. 
Provided the user with best practices for maintaining application updates in the future to avoid similar issues. 
The issue has been resolved, and the user is satisfied with the solution. 
Ticket closed.",SOFTWARE,ERROR,Phone,0.9
INC0082613,"I am experiencing intermittent issues with mobile access to Citrix ShareFile. On my iPad, I can sometimes access files, but on my Samsung phone, I frequently encounter problems with file upload and download. These issues have been ongoing for several weeks. I've ensured my apps are up to date and my internet connection is stable. This inconsistency is affecting my workflow as I rely heavily on mobile access while traveling.","Investigated the intermittent access issues with Citrix ShareFile on both the iPad and Samsung phone. 
Verified that the mobile app was up to date on both devices, confirming version compatibility. 
Checked the internet connection stability and found it to be consistent. 
Reviewed the app settings and permissions to ensure they were correctly configured for file uploads and downloads. 
Identified that the Samsung phone was experiencing specific issues related to app cache and data storage. 
Cleared the app cache and performed a data refresh on the Samsung device, which resolved the upload and download problems. 
Informed the customer about the importance of regularly clearing app cache to maintain optimal performance. 
The customer confirmed that access to files on both devices is now functioning properly. 
Ticket closed as the issue has been resolved and the customer is satisfied with the outcome.",SOFTWARE,ERROR,Chat,0.9
INC002917,"Hi, I'm having trouble using Red Hat OpenShift. Every time I try to use it, I get an error message saying 'Error 0x80004005: Unspecified error'. I've tried reinstalling the application but the error still persists. Could you please help me resolve this issue?","Investigated the reported error 0x80004005 while using Red Hat OpenShift. 
Checked the application version and confirmed it was up to date. 
Reviewed the installation logs and found no issues during the reinstall process. 
Cleared the application's cache and temporary files to eliminate potential conflicts. 
Tested the application after each step, but the error persisted. 
Consulted Red Hat's support documentation for additional troubleshooting steps. 
Recommended checking system compatibility and ensuring all dependencies were properly installed. 
The customer confirmed that after following the additional guidance, the issue was resolved and OpenShift is now functioning correctly. 
Ticket closed as the issue has been successfully resolved and the customer is satisfied with the outcome.",SOFTWARE,ERROR,Chat,0.8
TASK0044535,"A collective request from the project management team for Pipedrive version 4.1, aiming to improve their workflow efficiency. 
Performed a review for software licensing and hardware suitability. 

This installation demand is now with the Software Implementation Group.",Reviewed the software licensing and confirmed it covers the installation of Pipedrive version 4.1. Verified hardware specifications for the project management team and confirmed compatibility with Pipedrive requirements. Successfully installed Pipedrive version 4.1 across the team's designated workstations. Configured the software and ensured it was running smoothly. Conducted a brief orientation with the project management team to familiarize them with the new features and confirm the installation met their needs.,SOFTWARE,INSTALLATION,Email,0.8
INC0027556,"Hello, our team has been encountering significant issues with our system slowing down, and we've traced this back to our Microsoft SQL Server. It appears that some of the queries being run are not only inefficient but are also causing a spike in CPU usage. This has affected our daily operations, as employees are unable to access necessary data promptly. Immediate assistance in identifying and optimizing these queries would be much appreciated to prevent further disruption.","Remoted in to assess the performance issues reported with the Microsoft SQL Server. 
Monitored the server's CPU usage and identified several inefficient queries that were causing significant spikes in resource consumption. 
Analyzed the execution plans for these queries and discovered missing indexes that were contributing to the slowdown. 
Optimized the identified queries by rewriting them for better performance and added the necessary indexes to improve execution times. 
Conducted tests post-optimization to confirm that the system performance had improved and CPU usage was within acceptable limits. 
Informed the team about the changes made and provided recommendations for ongoing query monitoring to prevent future slowdowns. 
The system is now operating smoothly, and the team can access data promptly without disruptions. 
Ticket closed as the issue has been resolved and the customer is satisfied with the outcome.",SOFTWARE,ERROR,Email,0.9
TASK0041757,"The marketing department has made a formal request for more CodeFleet licenses to keep up with their expanding campaign efforts. Reviewed current license allocations and the specific requests made. 

Passing this request on to the Licensing Team.",Reviewed the current CodeFleet license allocations and evaluated the specific request from the Marketing Department for additional licenses. Verified that the current license count is insufficient for their expanding campaign efforts. Coordinated with the Licensing Team to procure and allocate the requested additional licenses. Confirmed the increase in available licenses and informed the Marketing Department of the update. Verified that the new licenses were successfully added to their accounts and that they have full access as needed.,ACCOUNT,ACCESS,Phone,0.8
INC0043950,I tried logging in to Jenkins but keep getting 'Invalid Credentials' error even though I'm sure the password is right. Checked if there were any security changes but didn't find anything. Reached out to the Security Team for help.,User reported being unable to log in to Jenkins due to 'Invalid Credentials' error despite using the correct password. Steps taken: 1. Verified the username and password entered were correct. 2. Checked the Jenkins server for any failed login attempts or account lockouts. Found that the user's account was temporarily locked due to multiple failed login attempts. 3. Unlocked the user's account and requested them to try again. 4. User was still unable to log in. 5. Looked into the security settings and confirmed no changes or issues. 6. Reset the user's password and provided a temporary one. 7. Guided the user through logging in with the temporary password and setting a new permanent password. User successfully logged in and issue resolved.,ACCOUNT,ACCESS,Phone,0.9
TASK0042832,I need an extra Microsoft Teams license due to my intensive work requirements. Can you please assist in getting this approved?,User requested an additional Microsoft Teams license due to intensive work requirements. Verified the user’s current license status and confirmed the need for an upgrade. Checked the availability of licenses in our pool and found that we had sufficient licenses available. Proceeded to allocate the additional Microsoft Teams license to the user’s account and verified successful license activation. Confirmed with the user that they could now access the extra features and functionalities. The issue has been resolved.,ACCOUNT,ACCESS,Phone,0.8
TASK0036521,The customer has contacted our Licensing Team to request an additional MobileManager license for their work. They have already confirmed the availability of licenses prior to reaching out for approval.,The request for an additional MobileManager license was resolved by following these steps: 1. Verified that the user had appropriately contacted the Licensing Team for approval. 2. Confirmed availability of additional licenses in the system. 3. Coordinated with the Licensing Team to allocate a new MobileManager license to the user. 4. Provided the user with the necessary access credentials and documentation for MobileManager. 5. Confirmed that the user could successfully access and utilize the additional MobileManager license without any issues. Case is now closed.,ACCOUNT,ACCESS,Phone,0.9
TASK0046550,"Need entry to Q:\IT\Software Licenses on the shared network for a scheduled audit. At the moment, only IT leaders have the clearance to view this drive.","User requested access to the Q:\IT\Software Licenses shared network drive for a scheduled audit. Verified the user's role and validated the necessity of access with the IT leaders. Updated folder permissions to include the user, ensuring read-only access to maintain security. Instructed the user to log off and log back in to see the changes. User confirmed successful access to the needed drive.",ACCOUNT,ACCESS,Phone,0.9
TASK0040913,"Received a request from several team members for additional Pipedrive licenses to support their projects. Evaluated our license inventory and identified the necessity based on their usage patterns. 

Currently, this is being escalated to the Licensing Team.","Received a request from several team members for additional Pipedrive licenses. Evaluated the current license inventory and usage patterns, confirming the necessity for additional licenses. Added new licenses to the account, distributed them to the requesting team members, and verified access. Sent an email confirmation to the requesters. No further issues reported.",ACCOUNT,ACCESS,Phone,0.8
